sha,violation
70884f17806b65c2a4b8acc8f2fabd6125ea94bf,2
63b11acb1eb4b4fd374d947b344c3e60b7e80e36,2
6cb9ef0d80e71e69fe764f5d8c389ed1d9ff71a2,1
99357456eb969b9cc9b58f40b677e807097c155b,0
568edb17fe0c1c379d233e1470a167a190b0dfec,0
4eae3a52516a204e0b78fa5d2e505b2db7418e1f,2
9cf55afef2d75511a38c3151e56472737481a70b,2
b36c822b5d5393e7bcfbf66ffd49667719e01a70,1
0282d3ab24fab32ce2199f55bf089e0fcb51a416,2
46c9bfaed4158c9623e1113e8ade09a9b8e6b173,3
e05ce19aed1a79fd703bdc5fe45ca59c2980ff69,3
58e9e9e40f5e69441d9670204470f794e3cb9fc8,3
9e4120fdaf7f7664f67c7fb550e551ec033a8e79,3
788b61cb765508903e778f281a3bbe8452efb174,0
bb62b496322732512316fa2f0ef06f9ff79c2fcf,2
b9f7327549971089a72bb4f36e547757529ea69c,3
00efff7d04d117d8eb343cc864e214589fee3a89,3
bb854ee1364657e06933293cf324cd85bb0aa64a,0
1950b4d7e7166292560618588150f3e5e764815a,3
a6769045115312eb4578f6de8516ad631b1ed843,3
ff7c0760e825b25f885c480312823c0155fdf181,0
f709e82778f480792aaf2004751f126fe6c86749,3
fee95240b822be8b29ebb6148667073dfd2fff3c,3
06a913a05bdd7298354e02402d29394e4958859d,2
c378f58d773980f7b10e501a4f2ae061cf2d65d8,3
d196a39db1693ca31338fc37209ad583af3c9ffd,1
0d2b022cb606c36065a6e81d2a6057d62e7be036,3
271f83966b02314573857c5535bf199465fad037,3
f4f03bd72ae014f96c213faa6f28df5d1835b669,1
49f16ccc6681202fc4b9df30d560dfa667a17cf4,3
aef1fe983b578df426349ee701ca9abd96f64e27,2
66f7f4d13c3b61d950d55ae2a472fda919a98856,3
1358a7c5175bc42a7b4870254acbc781af7b4d97,0
369700422c70deb875d010e7d1e0987d5b87c678,3
4a7ee74396ec83b17aa01a328cb9a645b697b532,0
c6c689214ed342a0a94fd9aab1243b44c1d7eb4f,3
2e4f5e4ce99b64e30b398d7053022aa13eeed0ec,2
0c02b5fc159cea0d47ebe283b67f9fffec382b81,3
e92dd939d825afc6c391bbed0f6280dcf5ea2bce,1
b47761e3dff0e34431e3f77cdb86118e80d3fbad,1
08296e000264cb4f48186e985920356d74d87252,3
7e291224fc03fd7e5db3c1c9a776f7e095f0a7cd,3
62a0e9cdcded13f7a2e043c9dc6bf576f27f941d,3
c3c0ce9aef90a47e6afd2ccd0306b720350448f6,3
5e0183094bb07bfb0712873dae576627a53e9c3b,3
651e7efbb58efd590b301e09f83584602649ba35,0
95ea26701c7b732f77e1817c66b35776220eb32f,1
fad00e3dfcd49bc70c3ff4c205881f6dfb3ad117,3
5e87fdbcbc520b6c814bbd381e0cb5b499080d12,3
